שם ישוב,סמל ישוב,אשכול,דירוג,ערך,אוכלסייה
חמאם,993,3,224,-0.772,"1,410"
עוזייר,528,3,459,-0.386,"3,047"
רומאנה,539,3,490,-0.322,"1,129"
רומת הייב,997,3,537,-0.233,"1,882"
כחלה,1367,3,165,-0.925,145
דריג'את,1349,3,166,-0.916,"1,065"
מכחול,1343,3,178,-0.892,395
מולדה,1360,3,249,-0.738,295
אל סייד,1359,3,343,-0.550,"3,384"
אום בטין,1358,3,363,-0.520,"3,080"
תרבין א-צאנע (יישוב),1346,3,409,-0.457,437
עמיקם,773,5,701,0.045,707
"גבעת ניל""י",360,5,725,0.080,733
אביאל,679,5,729,0.086,817
בני נצרים,1363,3,111,-1.061,544
שלומית,1364,3,115,-1.046,201
נווה,1366,3,127,-1.017,"1,066"
פרי גן,1231,3,128,-1.010,226
כרם שלום,1085,3,130,-1.005,119
תלמי יוסף,1237,3,131,-1.004,304
יבול,1232,3,133,-0.997,350
דקל,1241,3,137,-0.986,311
אבשלום,1311,3,139,-0.978,258
יתד,1227,3,148,-0.958,326
שדי אברהם,1223,3,151,-0.955,341
סופה,1238,3,155,-0.947,234
חולית,1239,3,158,-0.940,147
גבולות,352,3,169,-0.908,299
צאלים,413,3,171,-0.907,441
ניר יצחק,402,3,176,-0.900,628
תלמי אליהו,1051,3,180,-0.890,303
שדה ניצן,1058,3,182,-0.888,318
אוהד,1046,3,186,-0.878,404
צוחר,1136,3,187,-0.872,419
מבטחים,829,3,191,-0.854,406
עמיעוז,318,3,193,-0.851,196
ישע,916,3,195,-0.846,368
עין הבשור,1240,3,220,-0.778,"1,127"
ניר עוז,69,3,226,-0.770,395
מגן,695,3,230,-0.761,551
נירים,602,3,243,-0.745,357
אורים,403,3,255,-0.730,470
כיסופים,840,3,259,-0.722,235
עין השלושה,676,3,260,-0.719,372
רעים,713,3,311,-0.611,403
בארי,399,3,358,-0.524,996
ניר בנים,553,5,778,0.204,705
תימורים,163,5,845,0.383,775
אביגדור,819,5,852,0.395,763
כפר ורבורג,320,5,853,0.398,"1,130"
אורות,2012,5,870,0.446,498
ערוגות,593,5,872,0.459,"1,124"
גבעתי,793,5,876,0.477,955
באר טוביה,155,5,880,0.481,"1,030"
כפר אחים,690,5,884,0.490,795
ינון,2011,5,890,0.505,"1,116"
חצור-אשדוד,406,5,892,0.515,556
תלמי יחיאל,727,5,893,0.516,978
בית עזרא,756,5,905,0.545,"1,090"
עזר,1149,5,909,0.559,837
אחווה,1157,5,910,0.561,235
עזריקם,817,5,923,0.594,"1,377"
אמונים,772,5,924,0.595,934
נווה מבטח,827,5,927,0.603,642
כנות,2006,5,940,0.639,355
חצב,700,5,957,0.684,"1,404"
ביצרון,234,5,962,0.691,"1,221"
שדה עוזיהו,739,5,975,0.729,"1,465"
שתולים,763,5,1002,0.807,"1,975"
כפר מצר,512,4,380,-0.493,"2,595"
דחי,475,4,529,-0.248,636
ניין,523,4,530,-0.247,"1,766"
סולם,526,4,542,-0.217,"2,467"
נבטים,396,3,301,-0.640,825
כרמים,1198,3,340,-0.556,391
חצרים,397,3,354,-0.528,786
שומרייה,1265,3,356,-0.526,623
להב,2023,3,392,-0.481,469
תאשור,2062,3,394,-0.476,411
ברוש,2060,3,406,-0.462,439
תדהר,2061,3,418,-0.441,534
גבעות בר,1344,3,434,-0.411,815
דבירה,849,3,442,-0.400,797
משמר הנגב,395,3,457,-0.386,868
בית קמה,598,3,516,-0.283,"1,356"
שובל,394,3,560,-0.179,640
קדרון,615,7,1004,0.811,"1,560"
בניה,685,7,1018,0.850,792
בית אלעזרי,562,7,1081,1.105,"1,494"
גבעת ברנר,147,7,1118,1.438,"2,617"
גן שלמה,144,7,1149,1.717,518
גיבתון,196,7,1160,1.872,327
גן הדרום,1072,6,991,0.762,563
כפר אביב,857,6,993,0.771,804
מישר,731,6,997,0.794,804
כפר מרדכי,764,6,1001,0.805,655
משגב דב,765,6,1013,0.840,666
עשרת,591,6,1017,0.849,970
שדמה,555,6,1020,0.856,604
"נווה אטי""ב",4303,2,22,-1.532,124
אודם,4010,2,28,-1.496,118
אל-רום,4003,2,31,-1.478,338
מרום גולן,4101,2,39,-1.425,675
אלוני הבשן,4017,2,44,-1.386,368
שעל,4009,2,45,-1.384,256
עין זיוון,4503,2,47,-1.379,280
אורטל,4013,2,51,-1.365,321
קלע,4024,2,52,-1.361,224
יונתן,4007,2,56,-1.336,601
קשת,4006,2,61,-1.317,763
נטור,4014,2,62,-1.309,567
אניעם,4012,2,67,-1.287,503
קדמת צבי,4025,2,70,-1.263,359
חספין,4005,2,74,-1.244,"1,739"
רמת מגשימים,4701,2,77,-1.242,637
נוב,4304,2,79,-1.230,858
כנף,4028,2,82,-1.207,419
אבני איתן,4011,2,83,-1.207,633
אלי-עד,4002,2,84,-1.185,350
גשור,4022,2,86,-1.181,264
מיצר,4019,2,88,-1.163,211
גבעת יואב,4021,2,89,-1.162,662
בני יהודה,4015,2,90,-1.157,"1,040"
נאות גולן,4551,2,94,-1.142,534
מעלה גמלא,4008,2,96,-1.134,441
אפיק,4301,2,97,-1.119,277
רמות,4702,2,103,-1.094,489
חד-נס,4026,2,105,-1.086,827
כפר חרוב,4004,2,108,-1.081,357
מבוא חמה,4204,2,117,-1.042,344
אספר,3754,4,377,-0.496,583
מעלה עמוס,3653,4,460,-0.386,384
כרמי צור,3766,4,512,-0.287,"1,036"
נוקדים,3726,4,564,-0.174,"1,937"
תקוע,3563,4,574,-0.157,"3,495"
ראש צורים,3602,4,628,-0.083,915
בת עין,3794,4,629,-0.082,"1,226"
כפר עציון,3488,4,655,-0.046,"1,071"
מגדל עוז,3561,4,659,-0.038,439
אלון שבות,3604,4,672,-0.022,"3,218"
נווה דניאל,3725,4,686,0.009,"2,275"
אלעזר,3618,4,688,0.014,"2,577"
הר גילה,3603,4,707,0.051,"1,505"
קדר,3781,4,735,0.100,"1,490"
משמר דוד,563,7,967,0.696,700
כרמי יוסף,1264,7,981,0.739,"1,674"
חולדה,160,7,1011,0.835,913
כפר בן נון,2010,7,1015,0.847,647
פדיה,838,7,1034,0.897,806
שעלבים,856,7,1036,0.901,"1,764"
נוף איילון,1333,7,1037,0.904,"2,129"
פתחיה,839,7,1040,0.912,890
גזר,370,7,1047,0.933,273
משמר איילון,670,7,1054,0.992,514
בית עוזיאל,301,7,1057,1.008,599
כפר שמואל,743,7,1061,1.033,864
יציץ,759,7,1064,1.040,770
בית חשמונאי,1050,7,1065,1.043,"2,171"
עזריה,711,7,1082,1.117,"1,193"
גני יוחנן,862,7,1084,1.124,618
רמות מאיר,735,7,1094,1.217,770
נען,158,7,1098,1.252,"1,532"
גני הדר,1103,7,1102,1.272,278
"יד רמב""ם",64,7,1106,1.290,"1,044"
סתרייה,610,7,1134,1.547,"1,022"
"כפר ביל""ו",177,7,1136,1.585,"1,254"
מצליח,757,7,1139,1.603,"1,302"
ישרש,828,7,1141,1.646,922
נצר סרני,435,7,1162,1.915,718
פלמחים,597,7,1071,1.065,604
כפר הנגיד,582,7,1104,1.274,"1,223"
גאליה,853,7,1114,1.419,992
עיינות,156,7,1147,1.701,340
גן שורק,311,7,1156,1.827,677
בית עובד,202,7,1158,1.839,309
אירוס,1336,7,1159,1.847,211
בית חנן,159,7,1163,1.918,573
נטעים,174,7,1167,1.960,593
צור נתן,1148,7,982,0.744,296
צור יצחק,1345,7,1042,0.922,"4,246"
אייל,716,7,1053,0.990,482
נירית,1236,7,1077,1.087,"1,169"
רמת הכובש,184,7,1079,1.090,"1,049"
מתן,1315,7,1089,1.161,"3,613"
ניר אליהו,808,7,1095,1.218,505
ירחיב,718,7,1101,1.261,956
חורשים,355,7,1115,1.421,311
שדה ורבורג,284,7,1123,1.501,"1,483"
בית ברל,1076,7,1125,1.509,113
חגור,717,7,1127,1.515,"1,135"
שדי חמד,2015,7,1131,1.537,"1,021"
נווה ימין,686,7,1137,1.598,"1,162"
נחשונים,705,7,1140,1.645,332
צופית,198,7,1142,1.651,"1,302"
נווה ירק,858,7,1148,1.709,"1,353"
עינת,871,7,1152,1.760,786
אלישמע,841,7,1155,1.782,"1,212"
גן חיים,239,7,1157,1.833,816
מגשימים,722,7,1168,1.966,"1,064"
עדנים,2035,7,1171,1.979,479
כפר סירקין,249,7,1175,2.059,"1,333"
רמות השבים,206,7,1176,2.073,"1,651"
גבעת השלושה,870,7,1178,2.085,783
ירקונה,183,7,1180,2.136,399
גני עם,218,7,1182,2.145,240
"גבעת ח""ן",207,7,1183,2.152,362
"כפר מל""ל",98,7,1188,2.260,328
מעש,230,7,1200,2.921,838
גת רימון,128,7,1204,3.172,300
טייבה (בעמק),497,3,317,-0.604,"1,751"
בית אלפא,95,3,334,-0.573,862
חפצי-בה,90,3,336,-0.567,538
מולדת,269,3,338,-0.562,986
בית השיטה,242,3,348,-0.545,"1,215"
רמת צבי,339,3,365,-0.519,592
נאעורה,524,3,401,-0.466,"2,131"
תל יוסף,84,3,408,-0.457,540
עין חרוד (מאוחד),82,3,416,-0.444,735
מוקייבלה,635,3,420,-0.439,"3,719"
עין חרוד (איחוד),89,3,426,-0.428,529
טמרה (יזרעאל),547,3,432,-0.414,"1,513"
גדעונה,442,3,441,-0.400,411
כפר יחזקאל,85,3,443,-0.399,"1,149"
גבע,86,3,445,-0.397,625
מגן שאול,1155,3,447,-0.397,614
גן נר,1274,3,453,-0.388,"2,643"
צנדלה,636,3,468,-0.368,"1,572"
רם-און,1069,3,481,-0.339,996
אדירים,113,3,496,-0.310,267
מיטב,2054,3,499,-0.304,461
דבורה,146,3,500,-0.299,227
ברק,141,3,502,-0.298,422
פרזון,2053,3,504,-0.296,320
חבר,1110,3,515,-0.283,429
יזרעאל,452,3,524,-0.262,566
אביטל,2052,3,525,-0.261,499
גדיש,145,3,549,-0.210,399
מלאה,164,3,550,-0.208,390
אומן,1108,3,558,-0.185,327
ניר יפה,165,3,575,-0.156,678
שניר,1132,2,36,-1.444,544
משגב עם,378,2,37,-1.441,316
דן,303,2,42,-1.399,666
מנרה,347,2,43,-1.390,224
דפנה,302,2,46,-1.381,908
מעיין ברוך,416,2,48,-1.377,735
הגושרים,356,2,50,-1.366,720
כפר סאלד,345,2,53,-1.361,589
שמיר,366,2,55,-1.338,899
שדה נחמיה,329,2,58,-1.327,"1,097"
כפר גלעדי,76,2,59,-1.327,657
עמיר,319,2,60,-1.326,542
נאות מרדכי,408,2,63,-1.308,548
כפר בלום,357,2,64,-1.298,677
יפתח,453,2,66,-1.292,505
להבות הבשן,380,2,68,-1.283,865
גונן,852,2,69,-1.271,329
מלכייה,596,2,72,-1.253,442
חולתה,253,2,87,-1.166,590
יראון,623,2,91,-1.148,386
גדות,35,2,102,-1.103,406
ברעם,667,2,104,-1.092,590
איילת השחר,77,2,110,-1.066,"1,470"
כפר הנשיא,443,2,126,-1.019,835
צבעון,1213,2,129,-1.009,112
מחניים,308,2,142,-0.972,686
סאסא,578,2,144,-0.969,398
עמיעד,385,2,184,-0.884,421
קדרים,1211,2,257,-0.727,189
כפר זיתים,786,3,219,-0.781,758
ארבל,701,3,244,-0.745,673
הזורעים,307,3,253,-0.731,915
כפר חיטים,255,3,285,-0.679,666
מסד,1258,3,307,-0.628,354
שרונה,292,3,330,-0.578,581
מצפה,58,3,367,-0.518,144
מצפה נטופה,1190,3,368,-0.518,851
לביא,585,3,373,-0.501,640
כפר קיש,388,3,383,-0.489,520
הודיות,1322,3,386,-0.487,293
גבעת אבני,1293,3,389,-0.483,"2,082"
בית רימון,1162,3,395,-0.476,623
בית קשת,365,3,396,-0.475,591
שדה אילן,721,3,427,-0.424,541
שדמות דבורה,306,3,429,-0.420,656
כדורי,371,3,431,-0.415,166
אילנייה,49,3,455,-0.387,484
פארן,1151,2,14,-1.981,435
צוקים,1262,2,15,-1.873,289
צופר,1150,2,16,-1.801,394
ספיר,1176,2,17,-1.760,374
עין יהב,806,2,18,-1.743,665
חצבה,13,2,19,-1.629,566
עידן,1175,2,20,-1.598,360
מצדות יהודה,3745,3,200,-0.835,467
סוסיה,3756,3,215,-0.789,"1,041"
עתניאל,3748,3,247,-0.741,909
מעון,3657,3,251,-0.737,502
שמעה,3784,3,263,-0.716,538
כרמל,3656,3,268,-0.701,407
טנא,3743,3,270,-0.697,756
פני חבר,3723,3,306,-0.631,432
חגי,3764,3,310,-0.612,592
אשכולות,3722,3,344,-0.549,494
סנסנה,3777,3,364,-0.520,334
נגוהות,3724,3,384,-0.489,288
תלם,3719,3,435,-0.410,336
אדורה,3759,3,449,-0.397,404
נופית,1284,5,570,-0.164,"2,726"
ראס עלי,990,5,603,-0.122,560
ח'ואלד,1321,5,673,-0.021,458
אבטין,652,5,715,0.064,"2,689"
כפר הנוער הדתי,890,5,732,0.099,258
שער העמקים,237,5,738,0.105,687
אורנים,882,5,742,0.111,177
רמת יוחנן,178,5,763,0.156,929
כפר חסידים א',112,5,768,0.167,798
יגור,96,5,775,0.192,"1,525"
כפר המכבי,254,5,782,0.209,371
כפר חסידים ב',889,5,787,0.220,256
אושה,278,5,797,0.247,462
כפר ביאליק,220,5,916,0.579,754
אילות,1126,1,1,-2.544,322
באר אורה,21,1,2,-2.541,617
אליפז,1248,1,3,-2.488,129
סמר,1156,1,5,-2.442,274
יטבתה,866,1,6,-2.381,657
שחרות,1266,1,7,-2.379,130
גרופית,1129,1,8,-2.356,262
קטורה,1052,1,9,-2.321,485
לוטן,1255,1,10,-2.316,181
נווה חריף,1279,1,11,-2.244,110
יהל,1158,1,12,-2.235,182
נאות סמדר,1197,1,13,-2.235,210
בני דרום,592,6,1014,0.842,671
קבוצת יבנה,334,6,1022,0.862,946
כרם יבנה (ישיבה),1094,6,1023,0.862,541
בית רבן,848,6,1031,0.884,"1,057"
ניר גלים,720,6,1033,0.896,"1,395"
בית גמליאל,571,6,1066,1.045,953
בן זכאי,760,6,1067,1.048,"1,083"
מבוא מודיעים,1141,7,998,0.797,265
לפיד,1310,7,1055,0.994,"2,551"
גמזו,745,7,1056,1.006,"1,165"
שילת,1165,7,1060,1.022,679
כפר רות,1166,7,1062,1.037,208
כפר דניאל,707,7,1068,1.052,726
חדיד,618,7,1103,1.273,866
בית נחמיה,784,7,1108,1.292,887
אחיסמך,804,7,1109,1.301,"1,349"
בית עריף,604,7,1111,1.334,"1,112"
כרם בן שמן,88,7,1113,1.394,83
בן שמן (מושב),2013,7,1119,1.450,855
כפר טרומן,673,7,1120,1.456,882
בן שמן (כפר נוער),1084,7,1121,1.461,625
גינתון,863,7,1128,1.520,884
ברקת,2038,7,1130,1.533,"1,867"
טירת יהודה,663,7,1132,1.539,"1,183"
"גבעת כ""ח",802,7,1135,1.547,859
מזור,606,7,1138,1.602,"1,300"
רינתיה,616,7,1143,1.655,"1,134"
נופך,257,7,1153,1.773,544
בארות יצחק,450,7,1164,1.950,415
בני עטרות,448,7,1172,2.001,995
נחלים,449,7,1185,2.164,"1,690"
חלץ,820,5,565,-0.172,449
נתיב העשרה,1242,5,579,-0.147,805
גברעם,342,5,591,-0.129,372
זיקים,584,5,611,-0.107,625
כרמייה,768,5,617,-0.098,644
יד מרדכי,358,5,634,-0.073,678
תלמי יפה,744,5,668,-0.025,805
כוכב מיכאל,824,5,708,0.052,992
גיאה,706,5,713,0.061,929
מבקיעים,573,5,728,0.085,395
בית שקמה,747,5,743,0.113,827
משען,791,5,789,0.227,"1,005"
בת הדר,1323,5,795,0.244,704
ניר ישראל,699,5,802,0.260,853
הודייה,726,5,804,0.262,488
ברכיה,746,5,812,0.279,"1,199"
באר גנים,1376,5,814,0.292,368
ניצן,351,5,831,0.333,"1,853"
ניצן ב',1419,5,842,0.373,"1,349"
ניצנים,359,5,854,0.399,341
כפר סילבר,107,5,864,0.418,227
עין חוד,1320,5,547,-0.211,273
"כרם מהר""ל",580,5,608,-0.113,706
ניר עציון,769,5,610,-0.109,899
בית אורן,317,5,620,-0.095,452
עופר,810,5,621,-0.095,639
עין הוד,74,5,624,-0.089,590
נווה ים,312,5,645,-0.064,252
עין כרמל,426,5,646,-0.060,894
עתלית,53,5,656,-0.044,"6,818"
מגדים,689,5,657,-0.042,"1,277"
הבונים,675,5,663,-0.030,345
בית צבי,212,5,666,-0.028,201
צרופה,612,5,671,-0.023,"1,093"
גבע כרמל,683,5,675,-0.018,"1,166"
עין איילה,687,5,693,0.026,"1,127"
בת שלמה,33,5,699,0.037,608
נחשולים,433,5,702,0.046,642
דור,738,5,712,0.058,398
החותרים,434,5,724,0.079,730
מאיר שפיה,102,5,748,0.124,317
כפר גלים,427,5,757,0.143,294
מעיין צבי,290,5,779,0.205,683
מעגן מיכאל,694,5,794,0.241,"1,890"
בית חנניה,800,5,818,0.303,901
קיסריה,1167,5,841,0.363,"4,853"
שדות ים,327,5,849,0.391,969
אודים,446,7,1070,1.053,"1,306"
קריית שלמה,412,7,1072,1.074,290
יקום,417,7,1073,1.077,709
תל יצחק,287,7,1074,1.082,"1,023"
בית יהושע,288,7,1080,1.091,"1,062"
ארסוף,1324,7,1090,1.177,154
חרוצים,1024,7,1091,1.181,889
געש,842,7,1092,1.194,682
כפר נטר,316,7,1097,1.218,"1,157"
בני ציון,418,7,1105,1.284,"1,392"
שפיים,232,7,1107,1.291,"1,208"
רשפון,247,7,1129,1.521,"1,402"
בצרה,389,7,1133,1.540,"1,118"
גליל ים,346,7,1174,2.049,470
בית גוברין,619,5,593,-0.127,436
בית ניר,16,5,626,-0.087,580
גלאון,393,5,685,0.007,378
גת (קיבוץ),340,5,734,0.100,704
נחלה,2045,5,739,0.105,588
נגבה,315,5,756,0.141,881
שדה יואב,293,5,758,0.144,442
סגולה,2046,5,761,0.151,689
ורדון,1133,5,770,0.177,264
קדמה,392,5,788,0.224,73
אל-עזי,1339,5,836,0.347,184
כפר מנחם,274,5,838,0.353,"1,296"
"כפר הרי""ף",888,5,887,0.498,852
רבדים,564,5,915,0.574,653
כפר יעבץ,170,6,929,0.604,665
עזריאל,837,6,930,0.606,859
יעף,1044,6,948,0.658,291
פורת,767,6,958,0.684,"1,206"
ניצני עוז,851,6,977,0.733,"1,105"
משמרת,425,6,986,0.756,"1,054"
כפר עבודה,875,6,1005,0.820,249
תנובות,2002,6,1007,0.823,829
כפר הס,187,6,1009,0.828,"1,581"
ינוב,753,6,1019,0.855,933
גאולים,379,6,1024,0.867,896
חירות,162,6,1025,0.867,"1,266"
שער אפרים,661,6,1038,0.904,"1,742"
עין שריד,880,6,1039,0.908,"1,566"
עין ורד,157,6,1050,0.981,"1,470"
צור משה,276,6,1051,0.987,"3,114"
נורדייה,447,6,1083,1.122,"2,010"
בני דרור,386,6,1085,1.126,"1,216"
גנות הדר,549,6,1088,1.153,909
נטע,1369,4,419,-0.440,453
שקף,1233,4,461,-0.384,382
בני דקלים,1368,4,463,-0.377,659
אליאב,1365,4,475,-0.351,257
אמציה,23,4,503,-0.298,569
תלמים,814,4,553,-0.197,897
שדה דוד,36,4,562,-0.174,378
זוהר,44,4,596,-0.126,349
שחר,7,4,599,-0.123,838
לכיש,24,4,607,-0.117,712
אחוזם,821,4,615,-0.102,517
"ניר ח""ן",11,4,616,-0.101,503
נהורה,309,4,661,-0.036,"1,136"
נוגה,55,4,682,0.002,546
עוצם,32,4,689,0.016,521
שדה משה,18,4,695,0.029,736
יד נתן,775,4,709,0.053,604
מנוחה,2030,4,755,0.141,528
מרגליות,843,2,41,-1.407,393
שאר ישוב,324,2,49,-1.373,644
יובל,2009,2,54,-1.351,634
בית הלל,322,2,57,-1.333,765
דישון,2063,2,75,-1.243,354
רמות נפתלי,372,2,76,-1.243,549
שדה אליעזר,861,2,99,-1.108,811
משמר הירדן,732,2,114,-1.049,678
כרכום,1285,2,119,-1.036,564
אמנון,1253,2,140,-0.976,289
אליפלט,730,2,173,-0.904,554
כורזים,1252,2,175,-0.903,357
כחל,1210,2,179,-0.891,358
גלעד (אבן יצחק),369,4,494,-0.313,463
רמות מנשה,445,4,561,-0.177,"1,091"
דלייה,300,4,563,-0.174,792
עין השופט,270,4,586,-0.138,821
רמת השופט,335,4,602,-0.122,"1,023"
מדרך עוז,2029,4,618,-0.097,748
משמר העמק,130,4,619,-0.097,"1,216"
מגידו,586,4,630,-0.081,847
הזורע,250,4,652,-0.051,842
גבעת עוז,703,4,662,-0.030,469
עין העמק,367,4,674,-0.019,749
אליקים,682,4,696,0.033,857
יקנעם (מושבה),241,4,719,0.068,"1,345"
מצפה שלם,3610,3,162,-0.932,173
אבנת,3786,3,250,-0.737,128
קליה,3601,3,305,-0.631,394
בית הערבה,3645,3,437,-0.407,159
ורד יריחו,3639,3,451,-0.396,239
אלמוג,3556,3,458,-0.386,207
עראמשה,1246,3,161,-0.934,"1,604"
אדמית,1068,3,172,-0.907,175
אילון,294,3,189,-0.858,962
חניתה,280,3,203,-0.826,724
יחיעם,409,3,261,-0.718,596
כפר ראש הנקרה,579,3,269,-0.700,"1,271"
בצת,589,3,275,-0.691,250
מצובה,325,3,283,-0.680,"1,116"
געתון,463,3,286,-0.674,568
לימן,674,3,293,-0.658,729
גשר הזיו,574,3,331,-0.575,"1,605"
כליל,1183,3,355,-0.526,572
נתיב השיירה,792,3,359,-0.524,488
נס עמים,1143,3,369,-0.516,181
כברי,576,3,375,-0.499,"1,001"
שייח' דנון,658,3,400,-0.468,"2,742"
עמקה,708,3,422,-0.436,644
סער,454,3,439,-0.406,780
אשרת,1256,3,450,-0.396,512
בית העמק,572,3,467,-0.369,511
בן עמי,712,3,484,-0.336,745
שבי ציון,282,3,487,-0.330,"1,011"
רגבה,390,3,501,-0.298,"1,038"
עברון,376,3,522,-0.266,758
לוחמי הגיטאות,595,3,527,-0.255,538
בוסתן הגליל,559,3,536,-0.234,961
שמרת,432,3,538,-0.232,455
יסעור,575,3,559,-0.182,719
אחיהוד,785,3,569,-0.167,822
כפר מסריק,297,3,635,-0.073,780
עין המפרץ,289,3,637,-0.073,"1,197"
אפק,313,3,700,0.038,562
כוכב השחר,3564,5,492,-0.320,"1,945"
רימונים,3565,5,513,-0.286,598
שילה,3641,5,577,-0.151,"3,379"
מעלה מכמש,3651,5,580,-0.146,"1,351"
מעלה לבונה,3752,5,585,-0.140,766
מצפה יריחו,3576,5,601,-0.123,"2,307"
עלי,3765,5,606,-0.118,"4,092"
פסגות,3659,5,612,-0.106,"1,902"
עפרה,3617,5,649,-0.059,"3,189"
כפר אדומים,3638,5,654,-0.047,"4,145"
נחליאל,3767,5,687,0.010,665
דולב,3747,5,697,0.035,"1,302"
כוכב יעקב,3779,5,710,0.054,"7,313"
טלמון,3788,5,718,0.068,"3,704"
עטרת,3658,5,727,0.084,894
חלמיש,3573,5,783,0.213,"1,278"
גבע בנימין,3763,5,816,0.301,"5,232"
עלמון,3715,5,837,0.349,"1,286"
נעלה,3787,5,859,0.410,"1,573"
מבוא חורון,3709,5,900,0.534,"2,517"
בית חורון,3575,5,901,0.535,"1,228"
"ניל""י",3655,5,914,0.569,"1,438"
גבעון החדשה,3644,5,917,0.580,"1,151"
כפר האורנים,3796,5,1021,0.860,"2,700"
גני מודיעין,3823,5,1028,0.873,"2,347"
חשמונאים,3770,5,1043,0.925,"2,762"
מתתיהו,3648,5,1048,0.954,698
כפר זוהרים,1325,5,557,-0.187,142
נחושה,59,5,582,-0.143,"1,240"
לוזית,52,5,589,-0.131,653
עגור,794,5,653,-0.049,521
צפרירים,1079,5,669,-0.025,371
אדרת,1123,5,684,0.005,869
גבעת ישעיהו,919,5,691,0.022,796
שריגים (לי-און),1114,5,703,0.046,"1,032"
אביעזר,1070,5,746,0.119,847
"נתיב הל""ה",693,5,749,0.126,596
מטע,822,5,750,0.126,897
נווה מיכאל,1071,5,753,0.135,630
מבוא ביתר,771,5,764,0.157,857
שדות מיכה,27,5,765,0.161,376
צור הדסה,1113,5,769,0.170,"7,392"
זכריה,799,5,785,0.214,"1,039"
בר גיורא,823,5,790,0.230,641
תירוש,10,5,792,0.236,474
דייר ראפאת,493,5,798,0.249,83
נס הרים,825,5,800,0.251,"1,286"
גבעת שמש,566,5,807,0.273,74
גפן,39,5,808,0.275,384
כסלון,859,5,809,0.277,429
נטף,1254,5,817,0.301,378
גבעת יערים,787,5,832,0.339,"1,386"
בית מאיר,751,5,839,0.359,775
איתנים,886,5,840,0.361,92
אבן ספיר,783,5,855,0.400,740
רמת רזיאל,460,5,862,0.415,649
צרעה,567,5,868,0.442,906
צובה,465,5,869,0.444,651
עמינדב,779,5,875,0.475,"1,083"
תרום,778,5,878,0.479,802
נחם,809,5,888,0.499,510
שורש,456,5,895,0.522,"1,061"
תעוז,752,5,896,0.523,609
זנוח,816,5,897,0.524,510
ישעי,805,5,898,0.525,738
כפר אוריה,364,5,903,0.539,927
נווה אילן,405,5,911,0.564,926
אשתאול,740,5,912,0.566,"1,200"
נווה שלום,1259,5,913,0.568,265
מעלה החמישה,286,5,919,0.588,674
מחסיה,776,5,922,0.593,434
מסילת ציון,742,5,926,0.602,"1,263"
אורה,780,5,931,0.607,"1,301"
יד השמונה,1134,5,935,0.619,131
הראל,464,5,939,0.631,247
גיזו,1043,5,941,0.640,188
נחשון,777,5,943,0.646,492
שואבה,741,5,945,0.649,580
עין ראפה,514,5,946,0.649,"1,138"
עין נקובא,521,5,954,0.676,"3,064"
"עין כרם - בי""ס חקלאי",1056,5,955,0.677,165
צלפון,796,5,956,0.677,907
בקוע,864,5,963,0.692,665
קריית יערים (מוסד),2039,5,964,0.694,265
ידידה,1144,5,966,0.696,214
טל שחר,462,5,969,0.702,"1,287"
קריית ענבים,78,5,972,0.713,466
בית נקופה,672,5,988,0.760,633
בית זית,710,5,1032,0.893,"1,631"
מוצא עילית,208,5,1076,1.087,940
רמת רחל,127,5,1096,1.218,467
אל-עריאן,1316,5,681,-0.001,178
קציר,1243,5,704,0.050,"2,776"
כפר גליקסון,310,5,731,0.087,273
אלוני יצחק,868,5,733,0.100,294
מצפה אילן,1370,5,737,0.103,317
מי עמי,1128,5,754,0.139,331
רגבים,444,5,762,0.152,416
אום אל-קוטוף,2024,5,786,0.217,"1,037"
עין עירון,223,5,806,0.270,551
כפר פינס,189,5,820,0.304,994
מצר,648,5,824,0.320,394
ברקאי,617,5,826,0.322,525
מענית,344,5,827,0.323,676
שדה יצחק,2008,5,828,0.325,704
מייסר,649,5,830,0.329,"1,880"
משמרות,213,5,844,0.381,796
עין שמר,139,5,850,0.394,572
שער מנשה,921,5,851,0.395,541
תלמי אלעזר,2003,5,857,0.406,765
מגל,375,5,861,0.411,"1,057"
להבות חביבה,715,5,863,0.418,968
מאור,2055,5,865,0.419,"1,258"
גן השומרון,225,5,877,0.478,803
גן שמואל,72,5,902,0.539,870
שתולה,1045,3,120,-1.032,275
כפר רוזנואלד (זרעית),1130,3,123,-1.025,249
נטועה,1147,3,134,-0.996,277
אבירים,1220,3,135,-0.994,194
אבן מנחם,1081,3,141,-0.972,264
שומרה,614,3,147,-0.960,341
מתת,1184,3,152,-0.950,192
גורנות הגליל,1219,3,168,-0.911,168
אלקוש,603,3,183,-0.885,318
גורן,755,3,185,-0.880,441
יערה,795,3,216,-0.787,712
צוריאל,774,3,234,-0.755,312
מנות,1205,3,237,-0.753,402
פקיעין חדשה,281,3,241,-0.747,404
הילה,1208,3,242,-0.747,575
עבדון,892,3,265,-0.710,615
חוסן,662,3,282,-0.681,997
עין יעקב,813,3,288,-0.671,987
נווה זיו,1314,3,300,-0.644,857
מעונה,570,3,303,-0.636,968
לפידות,1173,3,335,-0.570,121
גיתה,1206,3,339,-0.561,266
אביבים,1115,3,85,-1.184,496
עלמה,688,3,101,-1.104,679
ריחאנייה,540,3,106,-1.083,"1,201"
"דוב""ב",1067,3,109,-1.074,478
כדיתה,1338,3,112,-1.055,162
כרם בן זמרה,664,3,116,-1.045,445
דלתון,431,3,118,-1.037,869
עמוקה,1212,3,121,-1.032,125
לבנים,1230,3,149,-0.958,421
אור הגנוז,1294,3,159,-0.939,454
כפר חושן,609,3,160,-0.937,714
בר יוחאי,1191,3,164,-0.928,921
בירייה,368,3,167,-0.914,822
מירון,607,3,181,-0.888,898
כפר שמאי,605,3,202,-0.828,460
אמירים,1064,3,211,-0.800,789
שפר,846,3,223,-0.773,361
עין אל-אסד,546,3,232,-0.757,866
פרוד,599,3,252,-0.736,455
חזון,1047,3,294,-0.652,311
כפר חנניה,1297,3,295,-0.652,669
כלנית,1229,3,308,-0.620,195
טפחות,1214,3,328,-0.583,464
שזור,527,3,362,-0.522,304
פטיש,749,3,280,-0.682,857
רנן,789,3,320,-0.596,608
מסלול,748,3,322,-0.594,900
ניר משה,2047,3,346,-0.548,527
ניר עקיבא,2048,3,357,-0.525,702
פדויים,750,3,379,-0.494,471
בטחה,762,3,399,-0.469,721
קלחים,414,3,402,-0.465,589
תפרח,709,3,403,-0.465,"2,156"
אשבול,71,3,404,-0.464,490
גילת,736,3,412,-0.451,"1,323"
מבועים,1080,3,413,-0.450,"1,161"
"תלמי ביל""ו",2050,3,417,-0.443,452
"פעמי תש""ז",2059,3,425,-0.428,504
אשל הנשיא,2021,3,428,-0.420,244
שדה צבי,2049,3,462,-0.382,588
חרשים,1209,3,233,-0.755,290
כמון,1201,3,248,-0.739,"1,357"
חלוץ,1272,3,258,-0.723,464
כמאנה,1331,3,262,-0.717,"1,415"
מורן,1163,3,274,-0.693,427
מכמנים,1202,3,278,-0.686,443
לוטם,1171,3,316,-0.605,694
צביה,1180,3,321,-0.596,310
הררית,1203,3,323,-0.590,412
לבון,1207,3,324,-0.588,658
סלמה,1245,3,329,-0.582,"3,083"
ראס אל-עין,1334,3,333,-0.573,351
חוסנייה,1332,3,349,-0.544,651
פלך,1185,3,350,-0.543,100
צורית,1221,3,374,-0.499,763
ערב אל נעים,1335,3,376,-0.498,733
אשחר,1188,3,398,-0.471,790
אבטליון,1275,3,407,-0.457,381
תובל,1172,3,411,-0.452,297
גילון,1204,3,423,-0.432,"1,082"
כישור,1153,3,424,-0.429,146
שורשים,1235,3,446,-0.397,476
מנוף,1174,3,452,-0.392,794
יובלים,1226,3,456,-0.387,"1,081"
יעד,1138,3,470,-0.365,710
אשבל,1276,3,472,-0.360,105
קורנית,1179,3,473,-0.359,868
עצמון שגב,917,3,476,-0.351,"1,069"
שכניה,1160,3,477,-0.351,740
יודפת,1112,3,479,-0.346,710
רקפת,1228,3,506,-0.291,905
טל-אל,1181,3,508,-0.291,"1,110"
דמיידה,1317,3,523,-0.265,463
"מצפה אבי""ב",1222,3,533,-0.242,978
מורשת,1178,3,543,-0.214,"1,424"
ביר הדאג',1348,3,98,-1.117,"4,583"
קצר א-סר,1347,3,136,-0.990,"1,406"
אבו קורינאת (יישוב),1342,3,156,-0.946,"1,218"
אבו תלול,1375,3,222,-0.774,117
נצר חזני,1372,6,921,0.592,377
יסודות,440,6,932,0.608,907
בני ראם,588,6,942,0.640,"1,353"
גני טל,1371,6,949,0.660,645
בית חלקיה,2033,6,951,0.664,888
יד בנימין,577,6,953,0.676,"3,849"
חפץ חיים,363,6,959,0.685,503
אלמגור,1125,3,132,-1.003,349
עין גב,273,3,145,-0.966,638
חוקוק,374,3,153,-0.949,539
האון,702,3,188,-0.864,184
אשדות יעקב (איחוד),199,3,190,-0.856,922
תל קציר,719,3,192,-0.853,343
אשדות יעקב (מאוחד),188,3,194,-0.847,506
שער הגולן,264,3,199,-0.838,570
מסדה,263,3,205,-0.820,345
בית זרע,143,3,208,-0.811,567
אפיקים,176,3,209,-0.810,"1,474"
גינוסר,262,3,210,-0.801,568
מעגן,678,3,217,-0.785,353
דגניה ב',79,3,227,-0.768,643
כנרת (קבוצה),57,3,235,-0.755,685
דגניה א',62,3,239,-0.750,534
כנרת (מושבה),63,3,267,-0.702,627
פורייה - נווה עובד,1105,3,271,-0.697,"1,114"
אלומות,330,3,272,-0.696,321
רביד,1225,3,284,-0.680,93
פורייה עילית,1313,3,287,-0.672,909
פורייה - כפר עבודה,1104,3,289,-0.670,371
מנחמיה,48,3,177,-0.892,999
גשר,305,3,198,-0.838,425
טירת צבי,268,3,204,-0.822,759
כפר רופין,295,3,206,-0.817,404
נווה אור,590,3,207,-0.812,330
ירדנה,2026,3,212,-0.799,344
שדה אליהו,304,3,214,-0.793,686
מלכישוע,1154,3,218,-0.782,138
בית יוסף,265,3,225,-0.771,433
רוויה,2016,3,228,-0.765,375
שדי תרומות,2057,3,229,-0.763,433
תל תאומים,1283,3,231,-0.759,513
מעוז חיים,272,3,240,-0.748,461
רחוב,854,3,254,-0.731,356
מירב,1282,3,256,-0.729,670
שלוחות,439,3,273,-0.693,473
נווה איתן,296,3,277,-0.686,324
"עין הנצי""ב",383,3,281,-0.681,609
חמדיה,343,3,291,-0.665,396
רשפים,437,3,292,-0.663,734
מעלה גלבוע,1127,3,296,-0.650,671
מסילות,298,3,309,-0.612,431
ניר דוד (תל עמל),256,3,312,-0.608,663
שדה נחום,259,3,313,-0.607,569
המעפיל,377,6,846,0.386,807
אחיטוב,850,6,847,0.388,"1,062"
אומץ,680,6,858,0.409,782
גן יאשיה,734,6,871,0.456,976
מכמורת,382,6,874,0.461,"1,334"
מבואות ים,1318,6,886,0.496,481
עין החורש,167,6,891,0.515,744
נעורים,186,6,899,0.528,248
גבעת חיים (מאוחד),173,6,906,0.552,984
עולש,737,6,907,0.553,"1,067"
בחן,2043,6,908,0.558,931
בית ינאי,200,6,920,0.591,419
בת חפר,1319,6,925,0.600,"5,448"
חגלה,205,6,933,0.608,831
בית חירות,877,6,934,0.616,881
גבעת חיים (איחוד),2018,6,936,0.620,"1,067"
חופית,115,6,938,0.631,739
בארותיים,697,6,944,0.647,"1,116"
יד חנה,758,6,947,0.652,800
כפר ויתקין,190,6,950,0.660,"2,017"
בית הלוי,373,6,965,0.694,813
העוגן,423,6,970,0.704,855
חרב לאת,422,6,971,0.710,850
גאולי תימן,872,6,973,0.716,369
"כפר הרא""ה",217,6,976,0.731,"1,390"
בורגתה,698,6,978,0.734,"1,128"
חיבת ציון,219,6,979,0.735,657
אלישיב,204,6,985,0.752,728
מעברות,197,6,987,0.758,962
חניאל,807,6,989,0.760,931
מדרשת רופין,897,6,995,0.787,480
ביתן אהרן,252,6,996,0.792,361
חבצלת השרון,235,6,999,0.802,553
גבעת שפירא,1077,6,1000,0.804,434
צוקי ים,1102,6,1003,0.811,270
משמר השרון,194,6,1006,0.823,559
בת חן,1361,6,1008,0.824,422
כפר מונש,387,6,1010,0.834,949
כפר חיים,193,6,1026,0.868,600
הדר עם,191,6,1029,0.876,599
שושנת העמקים,224,6,1035,0.898,518
כפר ידידיה,233,6,1041,0.915,754
אביחיל,175,6,1075,1.084,"1,395"
בית יצחק-שער חפר,326,6,1078,1.090,"2,105"
גזית,457,4,327,-0.585,655
עין דור,436,4,391,-0.481,986
כפר ברוך,132,4,486,-0.331,518
אחוזת ברק,1330,4,514,-0.285,"2,095"
הושעיה,1186,4,526,-0.260,"1,929"
דברת,407,4,535,-0.241,353
שמשית,1337,4,541,-0.218,"2,594"
גבעת אלה,1288,4,544,-0.214,"1,911"
כפר החורש,192,4,555,-0.188,613
בית לחם הגלילית,430,4,566,-0.170,777
היוגב,684,4,576,-0.152,632
חנתון,1257,4,578,-0.150,794
מרחביה (מושב),97,4,584,-0.141,664
יפעת,134,4,588,-0.132,"1,083"
תמרת,1244,4,597,-0.125,"1,332"
גבת,133,4,598,-0.124,860
רמת דוד,135,4,600,-0.123,479
ציפורי,613,4,605,-0.118,952
הרדוף,1249,4,609,-0.111,"1,034"
אלוני אבא,429,4,614,-0.104,"1,000"
מזרע,104,4,622,-0.092,608
שריד,126,4,623,-0.090,851
גיניגר,92,4,625,-0.088,655
אלון הגליל,1182,4,632,-0.078,"1,003"
נהלל,80,4,636,-0.073,962
מרחביה (קיבוץ),66,4,638,-0.072,"1,136"
הסוללים,677,4,647,-0.060,907
כפר יהושע,140,4,660,-0.037,"1,107"
בית שערים,248,4,664,-0.030,747
תל עדשים,103,4,665,-0.028,"1,418"
מנשית זבדה,994,4,676,-0.014,"1,212"
בלפוריה,94,4,677,-0.012,435
סואעד (חמרייה),942,4,680,-0.003,159
כפר גדעון,106,4,694,0.026,332
אלונים,285,4,705,0.051,470
עדי,1199,4,720,0.070,"1,860"
בית זיד,353,4,722,0.074,74
שדה יעקב,142,4,726,0.081,"1,133"
יגל,798,8,1146,1.700,901
זיתן,788,8,1150,1.718,"1,045"
אחיעזר,797,8,1151,1.748,"1,751"
ניר צבי,331,8,1170,1.974,"1,275"
צפרייה,594,8,1177,2.084,924
"כפר חב""ד",696,8,1179,2.127,"6,048"
חמד,801,8,1184,2.157,"1,131"
גנות,836,8,1191,2.470,623
משמר השבעה,729,8,1195,2.672,987
שדמות מחולה,3578,3,196,-0.843,553
מחולה,3599,3,213,-0.796,471
רותם,3782,3,221,-0.777,168
משכיות,3785,3,238,-0.751,206
חמדת,3646,3,246,-0.744,233
ארגמן,3598,3,276,-0.691,133
רועי,3619,3,279,-0.682,162
בקעות,3612,3,298,-0.645,182
"נעמ""ה",3713,3,304,-0.634,118
חמרה,3609,3,318,-0.601,127
משואה,3605,3,319,-0.600,148
נירן,3620,3,332,-0.575,85
נתיב הגדוד,3555,3,341,-0.552,181
גלגל,3606,3,351,-0.540,171
"ייט""ב",3607,3,353,-0.534,279
תומר,3558,3,366,-0.519,247
יפית,3566,3,371,-0.510,149
מכורה,3614,3,378,-0.495,141
פצאל,3615,3,390,-0.481,250
גיתית,3613,3,485,-0.336,376
עזוז,328,2,21,-1.554,73
ניצני סיני,1280,2,33,-1.472,259
באר מילכה,1278,2,34,-1.465,150
ניצנה (קהילת חינוך),1195,2,35,-1.446,99
כמהין,1291,2,38,-1.435,159
מדרשת בן גוריון,1140,2,71,-1.253,"1,787"
מרחב עם,1340,2,80,-1.221,333
שדה בוקר,885,2,81,-1.211,440
אשלים,1152,2,93,-1.143,449
רתמים,1260,2,95,-1.138,415
רביבים,354,2,100,-1.107,"1,035"
טללים,1177,2,113,-1.051,399
משאבי שדה,421,2,125,-1.020,441
שוקדה,415,4,361,-0.523,405
כפר מימון,1095,4,385,-0.487,296
זרועה,2064,4,387,-0.484,352
תושייה,1083,4,388,-0.484,"1,014"
עלומים,1146,4,415,-0.446,470
זמרת,1065,4,430,-0.420,458
תקומה,665,4,436,-0.408,649
שובה,761,4,438,-0.406,570
מלילות,2044,4,444,-0.399,276
סעד,419,4,466,-0.370,760
שיבולים,865,4,471,-0.360,308
גבעולים,2014,4,474,-0.354,326
מעגלים,1082,4,482,-0.338,"1,969"
יושיביה,803,4,488,-0.330,524
שרשרת,398,4,495,-0.310,293
בית הגדי,723,4,517,-0.275,730
אלון מורה,3579,5,433,-0.412,"1,794"
מבוא דותן,3569,5,505,-0.295,364
חרמש,3717,5,545,-0.212,219
מגדלים,3751,5,546,-0.212,269
איתמר,3762,5,548,-0.210,"1,305"
ברכה,3710,5,551,-0.207,"2,267"
יצהר,3749,5,590,-0.129,"1,380"
חיננית,3643,5,594,-0.126,"1,089"
שקד,3649,5,604,-0.121,851
ריחן,3568,5,651,-0.059,213
שבי שומרון,3571,5,667,-0.027,879
כפר תפוח,3572,5,678,-0.008,970
רחלים,3822,5,679,-0.005,583
נופים,3790,5,721,0.070,638
ענב,3712,5,741,0.110,711
יקיר,3647,5,744,0.113,"1,863"
רבבה,3795,5,793,0.240,"1,974"
קריית נטפים,3746,5,796,0.246,865
ברקן,3654,5,799,0.250,"1,741"
אבני חפץ,3793,5,822,0.315,"1,709"
מעלה שומרון,3637,5,825,0.321,"1,015"
ברוכין,3744,5,843,0.379,719
פדואל,3768,5,848,0.389,"1,622"
עלי זהב,3727,5,860,0.410,"1,300"
סלעית,3567,5,889,0.504,693
עץ אפרים,3778,5,928,0.603,"1,822"
צופים,3791,5,961,0.688,"1,976"
שערי תקווה,3720,5,994,0.781,"5,638"
נחל עוז,844,4,405,-0.463,377
רוחמה,362,4,448,-0.397,577
כפר עזה,845,4,454,-0.387,705
דורות,336,4,497,-0.306,756
מפלסים,668,4,507,-0.291,971
יכיני,811,4,511,-0.289,665
גבים,424,4,531,-0.247,520
אור הנר,67,4,556,-0.187,708
ברור חיל,428,4,567,-0.170,880
ניר עם,348,4,568,-0.169,491
ארז,714,4,583,-0.143,487
איבים,338,4,587,-0.138,277
נועם,15,5,592,-0.127,358
איתן,37,5,641,-0.068,433
שלווה,873,5,650,-0.059,430
אבן שמואל,400,5,658,-0.039,"1,535"
קוממיות,766,5,717,0.067,534
עוזה,826,5,736,0.101,449
רווחה,2051,5,745,0.117,525
אלומה,1145,5,751,0.129,502
זבדיאל,815,5,759,0.146,470
זרחיה,818,5,784,0.214,693
משואות יצחק,620,5,791,0.235,705
מרכז שפירא,1098,5,810,0.278,"2,179"
עין צורים,622,5,815,0.298,746
שפיר,692,5,823,0.320,842
נאות הכיכר,1124,2,24,-1.522,411
עין תמר,1251,2,25,-1.517,190
נווה זוהר,1057,2,65,-1.297,71
עין גדי,2042,2,107,-1.082,561
הר עמשא,1261,2,138,-0.979,113
